entity,name,type,entity_doing,entity_doing_type,img_name
actor,Satyr,satyr1,action,Attacking,combination0_actor
reactor,Satyr,satyr1,reaction,Dying,combination0_reactor
actor,Satyr,satyr1,action,Attacking,combination1_actor
reactor,Satyr,satyr1,reaction,Hurt,combination1_reactor
actor,Satyr,satyr1,action,Attacking,combination2_actor
reactor,Satyr,satyr1,reaction,Idle,combination2_reactor
actor,Satyr,satyr1,action,Attacking,combination3_actor
reactor,Satyr,satyr1,reaction,Attacking,combination3_reactor
actor,Satyr,satyr1,action,Taunt,combination4_actor
reactor,Satyr,satyr1,reaction,Dying,combination4_reactor
actor,Satyr,satyr1,action,Taunt,combination5_actor
reactor,Satyr,satyr1,reaction,Hurt,combination5_reactor
actor,Satyr,satyr1,action,Taunt,combination6_actor
reactor,Satyr,satyr1,reaction,Idle,combination6_reactor
actor,Satyr,satyr1,action,Taunt,combination7_actor
reactor,Satyr,satyr1,reaction,Attacking,combination7_reactor
actor,Satyr,satyr1,action,Walking,combination8_actor
reactor,Satyr,satyr1,reaction,Dying,combination8_reactor
actor,Satyr,satyr1,action,Walking,combination9_actor
reactor,Satyr,satyr1,reaction,Hurt,combination9_reactor
actor,Satyr,satyr1,action,Walking,combination10_actor
reactor,Satyr,satyr1,reaction,Idle,combination10_reactor
actor,Satyr,satyr1,action,Walking,combination11_actor
reactor,Satyr,satyr1,reaction,Attacking,combination11_reactor
actor,Satyr,satyr1,action,Attacking,combination12_actor
reactor,Satyr,satyr2,reaction,Dying,combination12_reactor
actor,Satyr,satyr1,action,Attacking,combination13_actor
reactor,Satyr,satyr2,reaction,Hurt,combination13_reactor
actor,Satyr,satyr1,action,Attacking,combination14_actor
reactor,Satyr,satyr2,reaction,Idle,combination14_reactor
actor,Satyr,satyr1,action,Attacking,combination15_actor
reactor,Satyr,satyr2,reaction,Attacking,combination15_reactor
actor,Satyr,satyr1,action,Taunt,combination16_actor
reactor,Satyr,satyr2,reaction,Dying,combination16_reactor
actor,Satyr,satyr1,action,Taunt,combination17_actor
reactor,Satyr,satyr2,reaction,Hurt,combination17_reactor
actor,Satyr,satyr1,action,Taunt,combination18_actor
reactor,Satyr,satyr2,reaction,Idle,combination18_reactor
actor,Satyr,satyr1,action,Taunt,combination19_actor
reactor,Satyr,satyr2,reaction,Attacking,combination19_reactor
actor,Satyr,satyr1,action,Walking,combination20_actor
reactor,Satyr,satyr2,reaction,Dying,combination20_reactor
actor,Satyr,satyr1,action,Walking,combination21_actor
reactor,Satyr,satyr2,reaction,Hurt,combination21_reactor
actor,Satyr,satyr1,action,Walking,combination22_actor
reactor,Satyr,satyr2,reaction,Idle,combination22_reactor
actor,Satyr,satyr1,action,Walking,combination23_actor
reactor,Satyr,satyr2,reaction,Attacking,combination23_reactor
actor,Satyr,satyr1,action,Attacking,combination24_actor
reactor,Satyr,satyr3,reaction,Dying,combination24_reactor
actor,Satyr,satyr1,action,Attacking,combination25_actor
reactor,Satyr,satyr3,reaction,Hurt,combination25_reactor
actor,Satyr,satyr1,action,Attacking,combination26_actor
reactor,Satyr,satyr3,reaction,Idle,combination26_reactor
actor,Satyr,satyr1,action,Attacking,combination27_actor
reactor,Satyr,satyr3,reaction,Attacking,combination27_reactor
actor,Satyr,satyr1,action,Taunt,combination28_actor
reactor,Satyr,satyr3,reaction,Dying,combination28_reactor
actor,Satyr,satyr1,action,Taunt,combination29_actor
reactor,Satyr,satyr3,reaction,Hurt,combination29_reactor
actor,Satyr,satyr1,action,Taunt,combination30_actor
reactor,Satyr,satyr3,reaction,Idle,combination30_reactor
actor,Satyr,satyr1,action,Taunt,combination31_actor
reactor,Satyr,satyr3,reaction,Attacking,combination31_reactor
actor,Satyr,satyr1,action,Walking,combination32_actor
reactor,Satyr,satyr3,reaction,Dying,combination32_reactor
actor,Satyr,satyr1,action,Walking,combination33_actor
reactor,Satyr,satyr3,reaction,Hurt,combination33_reactor
actor,Satyr,satyr1,action,Walking,combination34_actor
reactor,Satyr,satyr3,reaction,Idle,combination34_reactor
actor,Satyr,satyr1,action,Walking,combination35_actor
reactor,Satyr,satyr3,reaction,Attacking,combination35_reactor
actor,Satyr,satyr2,action,Attacking,combination36_actor
reactor,Satyr,satyr1,reaction,Dying,combination36_reactor
actor,Satyr,satyr2,action,Attacking,combination37_actor
reactor,Satyr,satyr1,reaction,Hurt,combination37_reactor
actor,Satyr,satyr2,action,Attacking,combination38_actor
reactor,Satyr,satyr1,reaction,Idle,combination38_reactor
actor,Satyr,satyr2,action,Attacking,combination39_actor
reactor,Satyr,satyr1,reaction,Attacking,combination39_reactor
actor,Satyr,satyr2,action,Taunt,combination40_actor
reactor,Satyr,satyr1,reaction,Dying,combination40_reactor
actor,Satyr,satyr2,action,Taunt,combination41_actor
reactor,Satyr,satyr1,reaction,Hurt,combination41_reactor
actor,Satyr,satyr2,action,Taunt,combination42_actor
reactor,Satyr,satyr1,reaction,Idle,combination42_reactor
actor,Satyr,satyr2,action,Taunt,combination43_actor
reactor,Satyr,satyr1,reaction,Attacking,combination43_reactor
actor,Satyr,satyr2,action,Walking,combination44_actor
reactor,Satyr,satyr1,reaction,Dying,combination44_reactor
actor,Satyr,satyr2,action,Walking,combination45_actor
reactor,Satyr,satyr1,reaction,Hurt,combination45_reactor
actor,Satyr,satyr2,action,Walking,combination46_actor
reactor,Satyr,satyr1,reaction,Idle,combination46_reactor
actor,Satyr,satyr2,action,Walking,combination47_actor
reactor,Satyr,satyr1,reaction,Attacking,combination47_reactor
actor,Satyr,satyr2,action,Attacking,combination48_actor
reactor,Satyr,satyr2,reaction,Dying,combination48_reactor
actor,Satyr,satyr2,action,Attacking,combination49_actor
reactor,Satyr,satyr2,reaction,Hurt,combination49_reactor
actor,Satyr,satyr2,action,Attacking,combination50_actor
reactor,Satyr,satyr2,reaction,Idle,combination50_reactor
actor,Satyr,satyr2,action,Attacking,combination51_actor
reactor,Satyr,satyr2,reaction,Attacking,combination51_reactor
actor,Satyr,satyr2,action,Taunt,combination52_actor
reactor,Satyr,satyr2,reaction,Dying,combination52_reactor
actor,Satyr,satyr2,action,Taunt,combination53_actor
reactor,Satyr,satyr2,reaction,Hurt,combination53_reactor
actor,Satyr,satyr2,action,Taunt,combination54_actor
reactor,Satyr,satyr2,reaction,Idle,combination54_reactor
actor,Satyr,satyr2,action,Taunt,combination55_actor
reactor,Satyr,satyr2,reaction,Attacking,combination55_reactor
actor,Satyr,satyr2,action,Walking,combination56_actor
reactor,Satyr,satyr2,reaction,Dying,combination56_reactor
actor,Satyr,satyr2,action,Walking,combination57_actor
reactor,Satyr,satyr2,reaction,Hurt,combination57_reactor
actor,Satyr,satyr2,action,Walking,combination58_actor
reactor,Satyr,satyr2,reaction,Idle,combination58_reactor
actor,Satyr,satyr2,action,Walking,combination59_actor
reactor,Satyr,satyr2,reaction,Attacking,combination59_reactor
actor,Satyr,satyr2,action,Attacking,combination60_actor
reactor,Satyr,satyr3,reaction,Dying,combination60_reactor
actor,Satyr,satyr2,action,Attacking,combination61_actor
reactor,Satyr,satyr3,reaction,Hurt,combination61_reactor
actor,Satyr,satyr2,action,Attacking,combination62_actor
reactor,Satyr,satyr3,reaction,Idle,combination62_reactor
actor,Satyr,satyr2,action,Attacking,combination63_actor
reactor,Satyr,satyr3,reaction,Attacking,combination63_reactor
actor,Satyr,satyr2,action,Taunt,combination64_actor
reactor,Satyr,satyr3,reaction,Dying,combination64_reactor
actor,Satyr,satyr2,action,Taunt,combination65_actor
reactor,Satyr,satyr3,reaction,Hurt,combination65_reactor
actor,Satyr,satyr2,action,Taunt,combination66_actor
reactor,Satyr,satyr3,reaction,Idle,combination66_reactor
actor,Satyr,satyr2,action,Taunt,combination67_actor
reactor,Satyr,satyr3,reaction,Attacking,combination67_reactor
actor,Satyr,satyr2,action,Walking,combination68_actor
reactor,Satyr,satyr3,reaction,Dying,combination68_reactor
actor,Satyr,satyr2,action,Walking,combination69_actor
reactor,Satyr,satyr3,reaction,Hurt,combination69_reactor
actor,Satyr,satyr2,action,Walking,combination70_actor
reactor,Satyr,satyr3,reaction,Idle,combination70_reactor
actor,Satyr,satyr2,action,Walking,combination71_actor
reactor,Satyr,satyr3,reaction,Attacking,combination71_reactor
actor,Satyr,satyr3,action,Attacking,combination72_actor
reactor,Satyr,satyr1,reaction,Dying,combination72_reactor
actor,Satyr,satyr3,action,Attacking,combination73_actor
reactor,Satyr,satyr1,reaction,Hurt,combination73_reactor
actor,Satyr,satyr3,action,Attacking,combination74_actor
reactor,Satyr,satyr1,reaction,Idle,combination74_reactor
actor,Satyr,satyr3,action,Attacking,combination75_actor
reactor,Satyr,satyr1,reaction,Attacking,combination75_reactor
actor,Satyr,satyr3,action,Taunt,combination76_actor
reactor,Satyr,satyr1,reaction,Dying,combination76_reactor
actor,Satyr,satyr3,action,Taunt,combination77_actor
reactor,Satyr,satyr1,reaction,Hurt,combination77_reactor
actor,Satyr,satyr3,action,Taunt,combination78_actor
reactor,Satyr,satyr1,reaction,Idle,combination78_reactor
actor,Satyr,satyr3,action,Taunt,combination79_actor
reactor,Satyr,satyr1,reaction,Attacking,combination79_reactor
actor,Satyr,satyr3,action,Walking,combination80_actor
reactor,Satyr,satyr1,reaction,Dying,combination80_reactor
actor,Satyr,satyr3,action,Walking,combination81_actor
reactor,Satyr,satyr1,reaction,Hurt,combination81_reactor
actor,Satyr,satyr3,action,Walking,combination82_actor
reactor,Satyr,satyr1,reaction,Idle,combination82_reactor
actor,Satyr,satyr3,action,Walking,combination83_actor
reactor,Satyr,satyr1,reaction,Attacking,combination83_reactor
actor,Satyr,satyr3,action,Attacking,combination84_actor
reactor,Satyr,satyr2,reaction,Dying,combination84_reactor
actor,Satyr,satyr3,action,Attacking,combination85_actor
reactor,Satyr,satyr2,reaction,Hurt,combination85_reactor
actor,Satyr,satyr3,action,Attacking,combination86_actor
reactor,Satyr,satyr2,reaction,Idle,combination86_reactor
actor,Satyr,satyr3,action,Attacking,combination87_actor
reactor,Satyr,satyr2,reaction,Attacking,combination87_reactor
actor,Satyr,satyr3,action,Taunt,combination88_actor
reactor,Satyr,satyr2,reaction,Dying,combination88_reactor
actor,Satyr,satyr3,action,Taunt,combination89_actor
reactor,Satyr,satyr2,reaction,Hurt,combination89_reactor
actor,Satyr,satyr3,action,Taunt,combination90_actor
reactor,Satyr,satyr2,reaction,Idle,combination90_reactor
actor,Satyr,satyr3,action,Taunt,combination91_actor
reactor,Satyr,satyr2,reaction,Attacking,combination91_reactor
actor,Satyr,satyr3,action,Walking,combination92_actor
reactor,Satyr,satyr2,reaction,Dying,combination92_reactor
actor,Satyr,satyr3,action,Walking,combination93_actor
reactor,Satyr,satyr2,reaction,Hurt,combination93_reactor
actor,Satyr,satyr3,action,Walking,combination94_actor
reactor,Satyr,satyr2,reaction,Idle,combination94_reactor
actor,Satyr,satyr3,action,Walking,combination95_actor
reactor,Satyr,satyr2,reaction,Attacking,combination95_reactor
actor,Satyr,satyr3,action,Attacking,combination96_actor
reactor,Satyr,satyr3,reaction,Dying,combination96_reactor
actor,Satyr,satyr3,action,Attacking,combination97_actor
reactor,Satyr,satyr3,reaction,Hurt,combination97_reactor
actor,Satyr,satyr3,action,Attacking,combination98_actor
reactor,Satyr,satyr3,reaction,Idle,combination98_reactor
actor,Satyr,satyr3,action,Attacking,combination99_actor
reactor,Satyr,satyr3,reaction,Attacking,combination99_reactor
actor,Satyr,satyr3,action,Taunt,combination100_actor
reactor,Satyr,satyr3,reaction,Dying,combination100_reactor
actor,Satyr,satyr3,action,Taunt,combination101_actor
reactor,Satyr,satyr3,reaction,Hurt,combination101_reactor
actor,Satyr,satyr3,action,Taunt,combination102_actor
reactor,Satyr,satyr3,reaction,Idle,combination102_reactor
actor,Satyr,satyr3,action,Taunt,combination103_actor
reactor,Satyr,satyr3,reaction,Attacking,combination103_reactor
actor,Satyr,satyr3,action,Walking,combination104_actor
reactor,Satyr,satyr3,reaction,Dying,combination104_reactor
actor,Satyr,satyr3,action,Walking,combination105_actor
reactor,Satyr,satyr3,reaction,Hurt,combination105_reactor
actor,Satyr,satyr3,action,Walking,combination106_actor
reactor,Satyr,satyr3,reaction,Idle,combination106_reactor
actor,Satyr,satyr3,action,Walking,combination107_actor
reactor,Satyr,satyr3,reaction,Attacking,combination107_reactor
actor,Satyr,satyr1,action,Attacking,combination108_actor
reactor,Golem,golem1,reaction,Dying,combination108_reactor
actor,Satyr,satyr1,action,Attacking,combination109_actor
reactor,Golem,golem1,reaction,Hurt,combination109_reactor
actor,Satyr,satyr1,action,Attacking,combination110_actor
reactor,Golem,golem1,reaction,Idle,combination110_reactor
actor,Satyr,satyr1,action,Attacking,combination111_actor
reactor,Golem,golem1,reaction,Attacking,combination111_reactor
actor,Satyr,satyr1,action,Taunt,combination112_actor
reactor,Golem,golem1,reaction,Dying,combination112_reactor
actor,Satyr,satyr1,action,Taunt,combination113_actor
reactor,Golem,golem1,reaction,Hurt,combination113_reactor
actor,Satyr,satyr1,action,Taunt,combination114_actor
reactor,Golem,golem1,reaction,Idle,combination114_reactor
actor,Satyr,satyr1,action,Taunt,combination115_actor
reactor,Golem,golem1,reaction,Attacking,combination115_reactor
actor,Satyr,satyr1,action,Walking,combination116_actor
reactor,Golem,golem1,reaction,Dying,combination116_reactor
actor,Satyr,satyr1,action,Walking,combination117_actor
reactor,Golem,golem1,reaction,Hurt,combination117_reactor
actor,Satyr,satyr1,action,Walking,combination118_actor
reactor,Golem,golem1,reaction,Idle,combination118_reactor
actor,Satyr,satyr1,action,Walking,combination119_actor
reactor,Golem,golem1,reaction,Attacking,combination119_reactor
actor,Satyr,satyr1,action,Attacking,combination120_actor
reactor,Golem,golem2,reaction,Dying,combination120_reactor
actor,Satyr,satyr1,action,Attacking,combination121_actor
reactor,Golem,golem2,reaction,Hurt,combination121_reactor
actor,Satyr,satyr1,action,Attacking,combination122_actor
reactor,Golem,golem2,reaction,Idle,combination122_reactor
actor,Satyr,satyr1,action,Attacking,combination123_actor
reactor,Golem,golem2,reaction,Attacking,combination123_reactor
actor,Satyr,satyr1,action,Taunt,combination124_actor
reactor,Golem,golem2,reaction,Dying,combination124_reactor
actor,Satyr,satyr1,action,Taunt,combination125_actor
reactor,Golem,golem2,reaction,Hurt,combination125_reactor
actor,Satyr,satyr1,action,Taunt,combination126_actor
reactor,Golem,golem2,reaction,Idle,combination126_reactor
actor,Satyr,satyr1,action,Taunt,combination127_actor
reactor,Golem,golem2,reaction,Attacking,combination127_reactor
actor,Satyr,satyr1,action,Walking,combination128_actor
reactor,Golem,golem2,reaction,Dying,combination128_reactor
actor,Satyr,satyr1,action,Walking,combination129_actor
reactor,Golem,golem2,reaction,Hurt,combination129_reactor
actor,Satyr,satyr1,action,Walking,combination130_actor
reactor,Golem,golem2,reaction,Idle,combination130_reactor
actor,Satyr,satyr1,action,Walking,combination131_actor
reactor,Golem,golem2,reaction,Attacking,combination131_reactor
actor,Satyr,satyr1,action,Attacking,combination132_actor
reactor,Golem,golem3,reaction,Dying,combination132_reactor
actor,Satyr,satyr1,action,Attacking,combination133_actor
reactor,Golem,golem3,reaction,Hurt,combination133_reactor
actor,Satyr,satyr1,action,Attacking,combination134_actor
reactor,Golem,golem3,reaction,Idle,combination134_reactor
actor,Satyr,satyr1,action,Attacking,combination135_actor
reactor,Golem,golem3,reaction,Attacking,combination135_reactor
actor,Satyr,satyr1,action,Taunt,combination136_actor
reactor,Golem,golem3,reaction,Dying,combination136_reactor
actor,Satyr,satyr1,action,Taunt,combination137_actor
reactor,Golem,golem3,reaction,Hurt,combination137_reactor
actor,Satyr,satyr1,action,Taunt,combination138_actor
reactor,Golem,golem3,reaction,Idle,combination138_reactor
actor,Satyr,satyr1,action,Taunt,combination139_actor
reactor,Golem,golem3,reaction,Attacking,combination139_reactor
actor,Satyr,satyr1,action,Walking,combination140_actor
reactor,Golem,golem3,reaction,Dying,combination140_reactor
actor,Satyr,satyr1,action,Walking,combination141_actor
reactor,Golem,golem3,reaction,Hurt,combination141_reactor
actor,Satyr,satyr1,action,Walking,combination142_actor
reactor,Golem,golem3,reaction,Idle,combination142_reactor
actor,Satyr,satyr1,action,Walking,combination143_actor
reactor,Golem,golem3,reaction,Attacking,combination143_reactor
actor,Satyr,satyr2,action,Attacking,combination144_actor
reactor,Golem,golem1,reaction,Dying,combination144_reactor
actor,Satyr,satyr2,action,Attacking,combination145_actor
reactor,Golem,golem1,reaction,Hurt,combination145_reactor
actor,Satyr,satyr2,action,Attacking,combination146_actor
reactor,Golem,golem1,reaction,Idle,combination146_reactor
actor,Satyr,satyr2,action,Attacking,combination147_actor
reactor,Golem,golem1,reaction,Attacking,combination147_reactor
actor,Satyr,satyr2,action,Taunt,combination148_actor
reactor,Golem,golem1,reaction,Dying,combination148_reactor
actor,Satyr,satyr2,action,Taunt,combination149_actor
reactor,Golem,golem1,reaction,Hurt,combination149_reactor
actor,Satyr,satyr2,action,Taunt,combination150_actor
reactor,Golem,golem1,reaction,Idle,combination150_reactor
actor,Satyr,satyr2,action,Taunt,combination151_actor
reactor,Golem,golem1,reaction,Attacking,combination151_reactor
actor,Satyr,satyr2,action,Walking,combination152_actor
reactor,Golem,golem1,reaction,Dying,combination152_reactor
actor,Satyr,satyr2,action,Walking,combination153_actor
reactor,Golem,golem1,reaction,Hurt,combination153_reactor
actor,Satyr,satyr2,action,Walking,combination154_actor
reactor,Golem,golem1,reaction,Idle,combination154_reactor
actor,Satyr,satyr2,action,Walking,combination155_actor
reactor,Golem,golem1,reaction,Attacking,combination155_reactor
actor,Satyr,satyr2,action,Attacking,combination156_actor
reactor,Golem,golem2,reaction,Dying,combination156_reactor
actor,Satyr,satyr2,action,Attacking,combination157_actor
reactor,Golem,golem2,reaction,Hurt,combination157_reactor
actor,Satyr,satyr2,action,Attacking,combination158_actor
reactor,Golem,golem2,reaction,Idle,combination158_reactor
actor,Satyr,satyr2,action,Attacking,combination159_actor
reactor,Golem,golem2,reaction,Attacking,combination159_reactor
actor,Satyr,satyr2,action,Taunt,combination160_actor
reactor,Golem,golem2,reaction,Dying,combination160_reactor
actor,Satyr,satyr2,action,Taunt,combination161_actor
reactor,Golem,golem2,reaction,Hurt,combination161_reactor
actor,Satyr,satyr2,action,Taunt,combination162_actor
reactor,Golem,golem2,reaction,Idle,combination162_reactor
actor,Satyr,satyr2,action,Taunt,combination163_actor
reactor,Golem,golem2,reaction,Attacking,combination163_reactor
actor,Satyr,satyr2,action,Walking,combination164_actor
reactor,Golem,golem2,reaction,Dying,combination164_reactor
actor,Satyr,satyr2,action,Walking,combination165_actor
reactor,Golem,golem2,reaction,Hurt,combination165_reactor
actor,Satyr,satyr2,action,Walking,combination166_actor
reactor,Golem,golem2,reaction,Idle,combination166_reactor
actor,Satyr,satyr2,action,Walking,combination167_actor
reactor,Golem,golem2,reaction,Attacking,combination167_reactor
actor,Satyr,satyr2,action,Attacking,combination168_actor
reactor,Golem,golem3,reaction,Dying,combination168_reactor
actor,Satyr,satyr2,action,Attacking,combination169_actor
reactor,Golem,golem3,reaction,Hurt,combination169_reactor
actor,Satyr,satyr2,action,Attacking,combination170_actor
reactor,Golem,golem3,reaction,Idle,combination170_reactor
actor,Satyr,satyr2,action,Attacking,combination171_actor
reactor,Golem,golem3,reaction,Attacking,combination171_reactor
actor,Satyr,satyr2,action,Taunt,combination172_actor
reactor,Golem,golem3,reaction,Dying,combination172_reactor
actor,Satyr,satyr2,action,Taunt,combination173_actor
reactor,Golem,golem3,reaction,Hurt,combination173_reactor
actor,Satyr,satyr2,action,Taunt,combination174_actor
reactor,Golem,golem3,reaction,Idle,combination174_reactor
actor,Satyr,satyr2,action,Taunt,combination175_actor
reactor,Golem,golem3,reaction,Attacking,combination175_reactor
actor,Satyr,satyr2,action,Walking,combination176_actor
reactor,Golem,golem3,reaction,Dying,combination176_reactor
actor,Satyr,satyr2,action,Walking,combination177_actor
reactor,Golem,golem3,reaction,Hurt,combination177_reactor
actor,Satyr,satyr2,action,Walking,combination178_actor
reactor,Golem,golem3,reaction,Idle,combination178_reactor
actor,Satyr,satyr2,action,Walking,combination179_actor
reactor,Golem,golem3,reaction,Attacking,combination179_reactor
actor,Satyr,satyr3,action,Attacking,combination180_actor
reactor,Golem,golem1,reaction,Dying,combination180_reactor
actor,Satyr,satyr3,action,Attacking,combination181_actor
reactor,Golem,golem1,reaction,Hurt,combination181_reactor
actor,Satyr,satyr3,action,Attacking,combination182_actor
reactor,Golem,golem1,reaction,Idle,combination182_reactor
actor,Satyr,satyr3,action,Attacking,combination183_actor
reactor,Golem,golem1,reaction,Attacking,combination183_reactor
actor,Satyr,satyr3,action,Taunt,combination184_actor
reactor,Golem,golem1,reaction,Dying,combination184_reactor
actor,Satyr,satyr3,action,Taunt,combination185_actor
reactor,Golem,golem1,reaction,Hurt,combination185_reactor
actor,Satyr,satyr3,action,Taunt,combination186_actor
reactor,Golem,golem1,reaction,Idle,combination186_reactor
actor,Satyr,satyr3,action,Taunt,combination187_actor
reactor,Golem,golem1,reaction,Attacking,combination187_reactor
actor,Satyr,satyr3,action,Walking,combination188_actor
reactor,Golem,golem1,reaction,Dying,combination188_reactor
actor,Satyr,satyr3,action,Walking,combination189_actor
reactor,Golem,golem1,reaction,Hurt,combination189_reactor
actor,Satyr,satyr3,action,Walking,combination190_actor
reactor,Golem,golem1,reaction,Idle,combination190_reactor
actor,Satyr,satyr3,action,Walking,combination191_actor
reactor,Golem,golem1,reaction,Attacking,combination191_reactor
actor,Satyr,satyr3,action,Attacking,combination192_actor
reactor,Golem,golem2,reaction,Dying,combination192_reactor
actor,Satyr,satyr3,action,Attacking,combination193_actor
reactor,Golem,golem2,reaction,Hurt,combination193_reactor
actor,Satyr,satyr3,action,Attacking,combination194_actor
reactor,Golem,golem2,reaction,Idle,combination194_reactor
actor,Satyr,satyr3,action,Attacking,combination195_actor
reactor,Golem,golem2,reaction,Attacking,combination195_reactor
actor,Satyr,satyr3,action,Taunt,combination196_actor
reactor,Golem,golem2,reaction,Dying,combination196_reactor
actor,Satyr,satyr3,action,Taunt,combination197_actor
reactor,Golem,golem2,reaction,Hurt,combination197_reactor
actor,Satyr,satyr3,action,Taunt,combination198_actor
reactor,Golem,golem2,reaction,Idle,combination198_reactor
actor,Satyr,satyr3,action,Taunt,combination199_actor
reactor,Golem,golem2,reaction,Attacking,combination199_reactor
actor,Satyr,satyr3,action,Walking,combination200_actor
reactor,Golem,golem2,reaction,Dying,combination200_reactor
actor,Satyr,satyr3,action,Walking,combination201_actor
reactor,Golem,golem2,reaction,Hurt,combination201_reactor
actor,Satyr,satyr3,action,Walking,combination202_actor
reactor,Golem,golem2,reaction,Idle,combination202_reactor
actor,Satyr,satyr3,action,Walking,combination203_actor
reactor,Golem,golem2,reaction,Attacking,combination203_reactor
actor,Satyr,satyr3,action,Attacking,combination204_actor
reactor,Golem,golem3,reaction,Dying,combination204_reactor
actor,Satyr,satyr3,action,Attacking,combination205_actor
reactor,Golem,golem3,reaction,Hurt,combination205_reactor
actor,Satyr,satyr3,action,Attacking,combination206_actor
reactor,Golem,golem3,reaction,Idle,combination206_reactor
actor,Satyr,satyr3,action,Attacking,combination207_actor
reactor,Golem,golem3,reaction,Attacking,combination207_reactor
actor,Satyr,satyr3,action,Taunt,combination208_actor
reactor,Golem,golem3,reaction,Dying,combination208_reactor
actor,Satyr,satyr3,action,Taunt,combination209_actor
reactor,Golem,golem3,reaction,Hurt,combination209_reactor
actor,Satyr,satyr3,action,Taunt,combination210_actor
reactor,Golem,golem3,reaction,Idle,combination210_reactor
actor,Satyr,satyr3,action,Taunt,combination211_actor
reactor,Golem,golem3,reaction,Attacking,combination211_reactor
actor,Satyr,satyr3,action,Walking,combination212_actor
reactor,Golem,golem3,reaction,Dying,combination212_reactor
actor,Satyr,satyr3,action,Walking,combination213_actor
reactor,Golem,golem3,reaction,Hurt,combination213_reactor
actor,Satyr,satyr3,action,Walking,combination214_actor
reactor,Golem,golem3,reaction,Idle,combination214_reactor
actor,Satyr,satyr3,action,Walking,combination215_actor
reactor,Golem,golem3,reaction,Attacking,combination215_reactor
actor,Golem,golem1,action,Attacking,combination216_actor
reactor,Satyr,satyr1,reaction,Dying,combination216_reactor
actor,Golem,golem1,action,Attacking,combination217_actor
reactor,Satyr,satyr1,reaction,Hurt,combination217_reactor
actor,Golem,golem1,action,Attacking,combination218_actor
reactor,Satyr,satyr1,reaction,Idle,combination218_reactor
actor,Golem,golem1,action,Attacking,combination219_actor
reactor,Satyr,satyr1,reaction,Attacking,combination219_reactor
actor,Golem,golem1,action,Taunt,combination220_actor
reactor,Satyr,satyr1,reaction,Dying,combination220_reactor
actor,Golem,golem1,action,Taunt,combination221_actor
reactor,Satyr,satyr1,reaction,Hurt,combination221_reactor
actor,Golem,golem1,action,Taunt,combination222_actor
reactor,Satyr,satyr1,reaction,Idle,combination222_reactor
actor,Golem,golem1,action,Taunt,combination223_actor
reactor,Satyr,satyr1,reaction,Attacking,combination223_reactor
actor,Golem,golem1,action,Walking,combination224_actor
reactor,Satyr,satyr1,reaction,Dying,combination224_reactor
actor,Golem,golem1,action,Walking,combination225_actor
reactor,Satyr,satyr1,reaction,Hurt,combination225_reactor
actor,Golem,golem1,action,Walking,combination226_actor
reactor,Satyr,satyr1,reaction,Idle,combination226_reactor
actor,Golem,golem1,action,Walking,combination227_actor
reactor,Satyr,satyr1,reaction,Attacking,combination227_reactor
actor,Golem,golem1,action,Attacking,combination228_actor
reactor,Satyr,satyr2,reaction,Dying,combination228_reactor
actor,Golem,golem1,action,Attacking,combination229_actor
reactor,Satyr,satyr2,reaction,Hurt,combination229_reactor
actor,Golem,golem1,action,Attacking,combination230_actor
reactor,Satyr,satyr2,reaction,Idle,combination230_reactor
actor,Golem,golem1,action,Attacking,combination231_actor
reactor,Satyr,satyr2,reaction,Attacking,combination231_reactor
actor,Golem,golem1,action,Taunt,combination232_actor
reactor,Satyr,satyr2,reaction,Dying,combination232_reactor
actor,Golem,golem1,action,Taunt,combination233_actor
reactor,Satyr,satyr2,reaction,Hurt,combination233_reactor
actor,Golem,golem1,action,Taunt,combination234_actor
reactor,Satyr,satyr2,reaction,Idle,combination234_reactor
actor,Golem,golem1,action,Taunt,combination235_actor
reactor,Satyr,satyr2,reaction,Attacking,combination235_reactor
actor,Golem,golem1,action,Walking,combination236_actor
reactor,Satyr,satyr2,reaction,Dying,combination236_reactor
actor,Golem,golem1,action,Walking,combination237_actor
reactor,Satyr,satyr2,reaction,Hurt,combination237_reactor
actor,Golem,golem1,action,Walking,combination238_actor
reactor,Satyr,satyr2,reaction,Idle,combination238_reactor
actor,Golem,golem1,action,Walking,combination239_actor
reactor,Satyr,satyr2,reaction,Attacking,combination239_reactor
actor,Golem,golem1,action,Attacking,combination240_actor
reactor,Satyr,satyr3,reaction,Dying,combination240_reactor
actor,Golem,golem1,action,Attacking,combination241_actor
reactor,Satyr,satyr3,reaction,Hurt,combination241_reactor
actor,Golem,golem1,action,Attacking,combination242_actor
reactor,Satyr,satyr3,reaction,Idle,combination242_reactor
actor,Golem,golem1,action,Attacking,combination243_actor
reactor,Satyr,satyr3,reaction,Attacking,combination243_reactor
actor,Golem,golem1,action,Taunt,combination244_actor
reactor,Satyr,satyr3,reaction,Dying,combination244_reactor
actor,Golem,golem1,action,Taunt,combination245_actor
reactor,Satyr,satyr3,reaction,Hurt,combination245_reactor
actor,Golem,golem1,action,Taunt,combination246_actor
reactor,Satyr,satyr3,reaction,Idle,combination246_reactor
actor,Golem,golem1,action,Taunt,combination247_actor
reactor,Satyr,satyr3,reaction,Attacking,combination247_reactor
actor,Golem,golem1,action,Walking,combination248_actor
reactor,Satyr,satyr3,reaction,Dying,combination248_reactor
actor,Golem,golem1,action,Walking,combination249_actor
reactor,Satyr,satyr3,reaction,Hurt,combination249_reactor
actor,Golem,golem1,action,Walking,combination250_actor
reactor,Satyr,satyr3,reaction,Idle,combination250_reactor
actor,Golem,golem1,action,Walking,combination251_actor
reactor,Satyr,satyr3,reaction,Attacking,combination251_reactor
actor,Golem,golem2,action,Attacking,combination252_actor
reactor,Satyr,satyr1,reaction,Dying,combination252_reactor
actor,Golem,golem2,action,Attacking,combination253_actor
reactor,Satyr,satyr1,reaction,Hurt,combination253_reactor
actor,Golem,golem2,action,Attacking,combination254_actor
reactor,Satyr,satyr1,reaction,Idle,combination254_reactor
actor,Golem,golem2,action,Attacking,combination255_actor
reactor,Satyr,satyr1,reaction,Attacking,combination255_reactor
actor,Golem,golem2,action,Taunt,combination256_actor
reactor,Satyr,satyr1,reaction,Dying,combination256_reactor
actor,Golem,golem2,action,Taunt,combination257_actor
reactor,Satyr,satyr1,reaction,Hurt,combination257_reactor
actor,Golem,golem2,action,Taunt,combination258_actor
reactor,Satyr,satyr1,reaction,Idle,combination258_reactor
actor,Golem,golem2,action,Taunt,combination259_actor
reactor,Satyr,satyr1,reaction,Attacking,combination259_reactor
actor,Golem,golem2,action,Walking,combination260_actor
reactor,Satyr,satyr1,reaction,Dying,combination260_reactor
actor,Golem,golem2,action,Walking,combination261_actor
reactor,Satyr,satyr1,reaction,Hurt,combination261_reactor
actor,Golem,golem2,action,Walking,combination262_actor
reactor,Satyr,satyr1,reaction,Idle,combination262_reactor
actor,Golem,golem2,action,Walking,combination263_actor
reactor,Satyr,satyr1,reaction,Attacking,combination263_reactor
actor,Golem,golem2,action,Attacking,combination264_actor
reactor,Satyr,satyr2,reaction,Dying,combination264_reactor
actor,Golem,golem2,action,Attacking,combination265_actor
reactor,Satyr,satyr2,reaction,Hurt,combination265_reactor
actor,Golem,golem2,action,Attacking,combination266_actor
reactor,Satyr,satyr2,reaction,Idle,combination266_reactor
actor,Golem,golem2,action,Attacking,combination267_actor
reactor,Satyr,satyr2,reaction,Attacking,combination267_reactor
actor,Golem,golem2,action,Taunt,combination268_actor
reactor,Satyr,satyr2,reaction,Dying,combination268_reactor
actor,Golem,golem2,action,Taunt,combination269_actor
reactor,Satyr,satyr2,reaction,Hurt,combination269_reactor
actor,Golem,golem2,action,Taunt,combination270_actor
reactor,Satyr,satyr2,reaction,Idle,combination270_reactor
actor,Golem,golem2,action,Taunt,combination271_actor
reactor,Satyr,satyr2,reaction,Attacking,combination271_reactor
actor,Golem,golem2,action,Walking,combination272_actor
reactor,Satyr,satyr2,reaction,Dying,combination272_reactor
actor,Golem,golem2,action,Walking,combination273_actor
reactor,Satyr,satyr2,reaction,Hurt,combination273_reactor
actor,Golem,golem2,action,Walking,combination274_actor
reactor,Satyr,satyr2,reaction,Idle,combination274_reactor
actor,Golem,golem2,action,Walking,combination275_actor
reactor,Satyr,satyr2,reaction,Attacking,combination275_reactor
actor,Golem,golem2,action,Attacking,combination276_actor
reactor,Satyr,satyr3,reaction,Dying,combination276_reactor
actor,Golem,golem2,action,Attacking,combination277_actor
reactor,Satyr,satyr3,reaction,Hurt,combination277_reactor
actor,Golem,golem2,action,Attacking,combination278_actor
reactor,Satyr,satyr3,reaction,Idle,combination278_reactor
actor,Golem,golem2,action,Attacking,combination279_actor
reactor,Satyr,satyr3,reaction,Attacking,combination279_reactor
actor,Golem,golem2,action,Taunt,combination280_actor
reactor,Satyr,satyr3,reaction,Dying,combination280_reactor
actor,Golem,golem2,action,Taunt,combination281_actor
reactor,Satyr,satyr3,reaction,Hurt,combination281_reactor
actor,Golem,golem2,action,Taunt,combination282_actor
reactor,Satyr,satyr3,reaction,Idle,combination282_reactor
actor,Golem,golem2,action,Taunt,combination283_actor
reactor,Satyr,satyr3,reaction,Attacking,combination283_reactor
actor,Golem,golem2,action,Walking,combination284_actor
reactor,Satyr,satyr3,reaction,Dying,combination284_reactor
actor,Golem,golem2,action,Walking,combination285_actor
reactor,Satyr,satyr3,reaction,Hurt,combination285_reactor
actor,Golem,golem2,action,Walking,combination286_actor
reactor,Satyr,satyr3,reaction,Idle,combination286_reactor
actor,Golem,golem2,action,Walking,combination287_actor
reactor,Satyr,satyr3,reaction,Attacking,combination287_reactor
actor,Golem,golem3,action,Attacking,combination288_actor
reactor,Satyr,satyr1,reaction,Dying,combination288_reactor
actor,Golem,golem3,action,Attacking,combination289_actor
reactor,Satyr,satyr1,reaction,Hurt,combination289_reactor
actor,Golem,golem3,action,Attacking,combination290_actor
reactor,Satyr,satyr1,reaction,Idle,combination290_reactor
actor,Golem,golem3,action,Attacking,combination291_actor
reactor,Satyr,satyr1,reaction,Attacking,combination291_reactor
actor,Golem,golem3,action,Taunt,combination292_actor
reactor,Satyr,satyr1,reaction,Dying,combination292_reactor
actor,Golem,golem3,action,Taunt,combination293_actor
reactor,Satyr,satyr1,reaction,Hurt,combination293_reactor
actor,Golem,golem3,action,Taunt,combination294_actor
reactor,Satyr,satyr1,reaction,Idle,combination294_reactor
actor,Golem,golem3,action,Taunt,combination295_actor
reactor,Satyr,satyr1,reaction,Attacking,combination295_reactor
actor,Golem,golem3,action,Walking,combination296_actor
reactor,Satyr,satyr1,reaction,Dying,combination296_reactor
actor,Golem,golem3,action,Walking,combination297_actor
reactor,Satyr,satyr1,reaction,Hurt,combination297_reactor
actor,Golem,golem3,action,Walking,combination298_actor
reactor,Satyr,satyr1,reaction,Idle,combination298_reactor
actor,Golem,golem3,action,Walking,combination299_actor
reactor,Satyr,satyr1,reaction,Attacking,combination299_reactor
actor,Golem,golem3,action,Attacking,combination300_actor
reactor,Satyr,satyr2,reaction,Dying,combination300_reactor
actor,Golem,golem3,action,Attacking,combination301_actor
reactor,Satyr,satyr2,reaction,Hurt,combination301_reactor
actor,Golem,golem3,action,Attacking,combination302_actor
reactor,Satyr,satyr2,reaction,Idle,combination302_reactor
actor,Golem,golem3,action,Attacking,combination303_actor
reactor,Satyr,satyr2,reaction,Attacking,combination303_reactor
actor,Golem,golem3,action,Taunt,combination304_actor
reactor,Satyr,satyr2,reaction,Dying,combination304_reactor
actor,Golem,golem3,action,Taunt,combination305_actor
reactor,Satyr,satyr2,reaction,Hurt,combination305_reactor
actor,Golem,golem3,action,Taunt,combination306_actor
reactor,Satyr,satyr2,reaction,Idle,combination306_reactor
actor,Golem,golem3,action,Taunt,combination307_actor
reactor,Satyr,satyr2,reaction,Attacking,combination307_reactor
actor,Golem,golem3,action,Walking,combination308_actor
reactor,Satyr,satyr2,reaction,Dying,combination308_reactor
actor,Golem,golem3,action,Walking,combination309_actor
reactor,Satyr,satyr2,reaction,Hurt,combination309_reactor
actor,Golem,golem3,action,Walking,combination310_actor
reactor,Satyr,satyr2,reaction,Idle,combination310_reactor
actor,Golem,golem3,action,Walking,combination311_actor
reactor,Satyr,satyr2,reaction,Attacking,combination311_reactor
actor,Golem,golem3,action,Attacking,combination312_actor
reactor,Satyr,satyr3,reaction,Dying,combination312_reactor
actor,Golem,golem3,action,Attacking,combination313_actor
reactor,Satyr,satyr3,reaction,Hurt,combination313_reactor
actor,Golem,golem3,action,Attacking,combination314_actor
reactor,Satyr,satyr3,reaction,Idle,combination314_reactor
actor,Golem,golem3,action,Attacking,combination315_actor
reactor,Satyr,satyr3,reaction,Attacking,combination315_reactor
actor,Golem,golem3,action,Taunt,combination316_actor
reactor,Satyr,satyr3,reaction,Dying,combination316_reactor
actor,Golem,golem3,action,Taunt,combination317_actor
reactor,Satyr,satyr3,reaction,Hurt,combination317_reactor
actor,Golem,golem3,action,Taunt,combination318_actor
reactor,Satyr,satyr3,reaction,Idle,combination318_reactor
actor,Golem,golem3,action,Taunt,combination319_actor
reactor,Satyr,satyr3,reaction,Attacking,combination319_reactor
actor,Golem,golem3,action,Walking,combination320_actor
reactor,Satyr,satyr3,reaction,Dying,combination320_reactor
actor,Golem,golem3,action,Walking,combination321_actor
reactor,Satyr,satyr3,reaction,Hurt,combination321_reactor
actor,Golem,golem3,action,Walking,combination322_actor
reactor,Satyr,satyr3,reaction,Idle,combination322_reactor
actor,Golem,golem3,action,Walking,combination323_actor
reactor,Satyr,satyr3,reaction,Attacking,combination323_reactor
actor,Golem,golem1,action,Attacking,combination324_actor
reactor,Golem,golem1,reaction,Dying,combination324_reactor
actor,Golem,golem1,action,Attacking,combination325_actor
reactor,Golem,golem1,reaction,Hurt,combination325_reactor
actor,Golem,golem1,action,Attacking,combination326_actor
reactor,Golem,golem1,reaction,Idle,combination326_reactor
actor,Golem,golem1,action,Attacking,combination327_actor
reactor,Golem,golem1,reaction,Attacking,combination327_reactor
actor,Golem,golem1,action,Taunt,combination328_actor
reactor,Golem,golem1,reaction,Dying,combination328_reactor
actor,Golem,golem1,action,Taunt,combination329_actor
reactor,Golem,golem1,reaction,Hurt,combination329_reactor
actor,Golem,golem1,action,Taunt,combination330_actor
reactor,Golem,golem1,reaction,Idle,combination330_reactor
actor,Golem,golem1,action,Taunt,combination331_actor
reactor,Golem,golem1,reaction,Attacking,combination331_reactor
actor,Golem,golem1,action,Walking,combination332_actor
reactor,Golem,golem1,reaction,Dying,combination332_reactor
actor,Golem,golem1,action,Walking,combination333_actor
reactor,Golem,golem1,reaction,Hurt,combination333_reactor
actor,Golem,golem1,action,Walking,combination334_actor
reactor,Golem,golem1,reaction,Idle,combination334_reactor
actor,Golem,golem1,action,Walking,combination335_actor
reactor,Golem,golem1,reaction,Attacking,combination335_reactor
actor,Golem,golem1,action,Attacking,combination336_actor
reactor,Golem,golem2,reaction,Dying,combination336_reactor
actor,Golem,golem1,action,Attacking,combination337_actor
reactor,Golem,golem2,reaction,Hurt,combination337_reactor
actor,Golem,golem1,action,Attacking,combination338_actor
reactor,Golem,golem2,reaction,Idle,combination338_reactor
actor,Golem,golem1,action,Attacking,combination339_actor
reactor,Golem,golem2,reaction,Attacking,combination339_reactor
actor,Golem,golem1,action,Taunt,combination340_actor
reactor,Golem,golem2,reaction,Dying,combination340_reactor
actor,Golem,golem1,action,Taunt,combination341_actor
reactor,Golem,golem2,reaction,Hurt,combination341_reactor
actor,Golem,golem1,action,Taunt,combination342_actor
reactor,Golem,golem2,reaction,Idle,combination342_reactor
actor,Golem,golem1,action,Taunt,combination343_actor
reactor,Golem,golem2,reaction,Attacking,combination343_reactor
actor,Golem,golem1,action,Walking,combination344_actor
reactor,Golem,golem2,reaction,Dying,combination344_reactor
actor,Golem,golem1,action,Walking,combination345_actor
reactor,Golem,golem2,reaction,Hurt,combination345_reactor
actor,Golem,golem1,action,Walking,combination346_actor
reactor,Golem,golem2,reaction,Idle,combination346_reactor
actor,Golem,golem1,action,Walking,combination347_actor
reactor,Golem,golem2,reaction,Attacking,combination347_reactor
actor,Golem,golem1,action,Attacking,combination348_actor
reactor,Golem,golem3,reaction,Dying,combination348_reactor
actor,Golem,golem1,action,Attacking,combination349_actor
reactor,Golem,golem3,reaction,Hurt,combination349_reactor
actor,Golem,golem1,action,Attacking,combination350_actor
reactor,Golem,golem3,reaction,Idle,combination350_reactor
actor,Golem,golem1,action,Attacking,combination351_actor
reactor,Golem,golem3,reaction,Attacking,combination351_reactor
actor,Golem,golem1,action,Taunt,combination352_actor
reactor,Golem,golem3,reaction,Dying,combination352_reactor
actor,Golem,golem1,action,Taunt,combination353_actor
reactor,Golem,golem3,reaction,Hurt,combination353_reactor
actor,Golem,golem1,action,Taunt,combination354_actor
reactor,Golem,golem3,reaction,Idle,combination354_reactor
actor,Golem,golem1,action,Taunt,combination355_actor
reactor,Golem,golem3,reaction,Attacking,combination355_reactor
actor,Golem,golem1,action,Walking,combination356_actor
reactor,Golem,golem3,reaction,Dying,combination356_reactor
actor,Golem,golem1,action,Walking,combination357_actor
reactor,Golem,golem3,reaction,Hurt,combination357_reactor
actor,Golem,golem1,action,Walking,combination358_actor
reactor,Golem,golem3,reaction,Idle,combination358_reactor
actor,Golem,golem1,action,Walking,combination359_actor
reactor,Golem,golem3,reaction,Attacking,combination359_reactor
actor,Golem,golem2,action,Attacking,combination360_actor
reactor,Golem,golem1,reaction,Dying,combination360_reactor
actor,Golem,golem2,action,Attacking,combination361_actor
reactor,Golem,golem1,reaction,Hurt,combination361_reactor
actor,Golem,golem2,action,Attacking,combination362_actor
reactor,Golem,golem1,reaction,Idle,combination362_reactor
actor,Golem,golem2,action,Attacking,combination363_actor
reactor,Golem,golem1,reaction,Attacking,combination363_reactor
actor,Golem,golem2,action,Taunt,combination364_actor
reactor,Golem,golem1,reaction,Dying,combination364_reactor
actor,Golem,golem2,action,Taunt,combination365_actor
reactor,Golem,golem1,reaction,Hurt,combination365_reactor
actor,Golem,golem2,action,Taunt,combination366_actor
reactor,Golem,golem1,reaction,Idle,combination366_reactor
actor,Golem,golem2,action,Taunt,combination367_actor
reactor,Golem,golem1,reaction,Attacking,combination367_reactor
actor,Golem,golem2,action,Walking,combination368_actor
reactor,Golem,golem1,reaction,Dying,combination368_reactor
actor,Golem,golem2,action,Walking,combination369_actor
reactor,Golem,golem1,reaction,Hurt,combination369_reactor
actor,Golem,golem2,action,Walking,combination370_actor
reactor,Golem,golem1,reaction,Idle,combination370_reactor
actor,Golem,golem2,action,Walking,combination371_actor
reactor,Golem,golem1,reaction,Attacking,combination371_reactor
actor,Golem,golem2,action,Attacking,combination372_actor
reactor,Golem,golem2,reaction,Dying,combination372_reactor
actor,Golem,golem2,action,Attacking,combination373_actor
reactor,Golem,golem2,reaction,Hurt,combination373_reactor
actor,Golem,golem2,action,Attacking,combination374_actor
reactor,Golem,golem2,reaction,Idle,combination374_reactor
actor,Golem,golem2,action,Attacking,combination375_actor
reactor,Golem,golem2,reaction,Attacking,combination375_reactor
actor,Golem,golem2,action,Taunt,combination376_actor
reactor,Golem,golem2,reaction,Dying,combination376_reactor
actor,Golem,golem2,action,Taunt,combination377_actor
reactor,Golem,golem2,reaction,Hurt,combination377_reactor
actor,Golem,golem2,action,Taunt,combination378_actor
reactor,Golem,golem2,reaction,Idle,combination378_reactor
actor,Golem,golem2,action,Taunt,combination379_actor
reactor,Golem,golem2,reaction,Attacking,combination379_reactor
actor,Golem,golem2,action,Walking,combination380_actor
reactor,Golem,golem2,reaction,Dying,combination380_reactor
actor,Golem,golem2,action,Walking,combination381_actor
reactor,Golem,golem2,reaction,Hurt,combination381_reactor
actor,Golem,golem2,action,Walking,combination382_actor
reactor,Golem,golem2,reaction,Idle,combination382_reactor
actor,Golem,golem2,action,Walking,combination383_actor
reactor,Golem,golem2,reaction,Attacking,combination383_reactor
actor,Golem,golem2,action,Attacking,combination384_actor
reactor,Golem,golem3,reaction,Dying,combination384_reactor
actor,Golem,golem2,action,Attacking,combination385_actor
reactor,Golem,golem3,reaction,Hurt,combination385_reactor
actor,Golem,golem2,action,Attacking,combination386_actor
reactor,Golem,golem3,reaction,Idle,combination386_reactor
actor,Golem,golem2,action,Attacking,combination387_actor
reactor,Golem,golem3,reaction,Attacking,combination387_reactor
actor,Golem,golem2,action,Taunt,combination388_actor
reactor,Golem,golem3,reaction,Dying,combination388_reactor
actor,Golem,golem2,action,Taunt,combination389_actor
reactor,Golem,golem3,reaction,Hurt,combination389_reactor
actor,Golem,golem2,action,Taunt,combination390_actor
reactor,Golem,golem3,reaction,Idle,combination390_reactor
actor,Golem,golem2,action,Taunt,combination391_actor
reactor,Golem,golem3,reaction,Attacking,combination391_reactor
actor,Golem,golem2,action,Walking,combination392_actor
reactor,Golem,golem3,reaction,Dying,combination392_reactor
actor,Golem,golem2,action,Walking,combination393_actor
reactor,Golem,golem3,reaction,Hurt,combination393_reactor
actor,Golem,golem2,action,Walking,combination394_actor
reactor,Golem,golem3,reaction,Idle,combination394_reactor
actor,Golem,golem2,action,Walking,combination395_actor
reactor,Golem,golem3,reaction,Attacking,combination395_reactor
actor,Golem,golem3,action,Attacking,combination396_actor
reactor,Golem,golem1,reaction,Dying,combination396_reactor
actor,Golem,golem3,action,Attacking,combination397_actor
reactor,Golem,golem1,reaction,Hurt,combination397_reactor
actor,Golem,golem3,action,Attacking,combination398_actor
reactor,Golem,golem1,reaction,Idle,combination398_reactor
actor,Golem,golem3,action,Attacking,combination399_actor
reactor,Golem,golem1,reaction,Attacking,combination399_reactor
actor,Golem,golem3,action,Taunt,combination400_actor
reactor,Golem,golem1,reaction,Dying,combination400_reactor
actor,Golem,golem3,action,Taunt,combination401_actor
reactor,Golem,golem1,reaction,Hurt,combination401_reactor
actor,Golem,golem3,action,Taunt,combination402_actor
reactor,Golem,golem1,reaction,Idle,combination402_reactor
actor,Golem,golem3,action,Taunt,combination403_actor
reactor,Golem,golem1,reaction,Attacking,combination403_reactor
actor,Golem,golem3,action,Walking,combination404_actor
reactor,Golem,golem1,reaction,Dying,combination404_reactor
actor,Golem,golem3,action,Walking,combination405_actor
reactor,Golem,golem1,reaction,Hurt,combination405_reactor
actor,Golem,golem3,action,Walking,combination406_actor
reactor,Golem,golem1,reaction,Idle,combination406_reactor
actor,Golem,golem3,action,Walking,combination407_actor
reactor,Golem,golem1,reaction,Attacking,combination407_reactor
actor,Golem,golem3,action,Attacking,combination408_actor
reactor,Golem,golem2,reaction,Dying,combination408_reactor
actor,Golem,golem3,action,Attacking,combination409_actor
reactor,Golem,golem2,reaction,Hurt,combination409_reactor
actor,Golem,golem3,action,Attacking,combination410_actor
reactor,Golem,golem2,reaction,Idle,combination410_reactor
actor,Golem,golem3,action,Attacking,combination411_actor
reactor,Golem,golem2,reaction,Attacking,combination411_reactor
actor,Golem,golem3,action,Taunt,combination412_actor
reactor,Golem,golem2,reaction,Dying,combination412_reactor
actor,Golem,golem3,action,Taunt,combination413_actor
reactor,Golem,golem2,reaction,Hurt,combination413_reactor
actor,Golem,golem3,action,Taunt,combination414_actor
reactor,Golem,golem2,reaction,Idle,combination414_reactor
actor,Golem,golem3,action,Taunt,combination415_actor
reactor,Golem,golem2,reaction,Attacking,combination415_reactor
actor,Golem,golem3,action,Walking,combination416_actor
reactor,Golem,golem2,reaction,Dying,combination416_reactor
actor,Golem,golem3,action,Walking,combination417_actor
reactor,Golem,golem2,reaction,Hurt,combination417_reactor
actor,Golem,golem3,action,Walking,combination418_actor
reactor,Golem,golem2,reaction,Idle,combination418_reactor
actor,Golem,golem3,action,Walking,combination419_actor
reactor,Golem,golem2,reaction,Attacking,combination419_reactor
actor,Golem,golem3,action,Attacking,combination420_actor
reactor,Golem,golem3,reaction,Dying,combination420_reactor
actor,Golem,golem3,action,Attacking,combination421_actor
reactor,Golem,golem3,reaction,Hurt,combination421_reactor
actor,Golem,golem3,action,Attacking,combination422_actor
reactor,Golem,golem3,reaction,Idle,combination422_reactor
actor,Golem,golem3,action,Attacking,combination423_actor
reactor,Golem,golem3,reaction,Attacking,combination423_reactor
actor,Golem,golem3,action,Taunt,combination424_actor
reactor,Golem,golem3,reaction,Dying,combination424_reactor
actor,Golem,golem3,action,Taunt,combination425_actor
reactor,Golem,golem3,reaction,Hurt,combination425_reactor
actor,Golem,golem3,action,Taunt,combination426_actor
reactor,Golem,golem3,reaction,Idle,combination426_reactor
actor,Golem,golem3,action,Taunt,combination427_actor
reactor,Golem,golem3,reaction,Attacking,combination427_reactor
actor,Golem,golem3,action,Walking,combination428_actor
reactor,Golem,golem3,reaction,Dying,combination428_reactor
actor,Golem,golem3,action,Walking,combination429_actor
reactor,Golem,golem3,reaction,Hurt,combination429_reactor
actor,Golem,golem3,action,Walking,combination430_actor
reactor,Golem,golem3,reaction,Idle,combination430_reactor
actor,Golem,golem3,action,Walking,combination431_actor
reactor,Golem,golem3,reaction,Attacking,combination431_reactor
